,StartTime,StopTime,Duration,ActivityLabel,ActivityType
428,0.0,360.051,360.051,,Others
0,360.029,369.411,9.382,FaceForward,AuralOral Communication
321,362.204,427.422,65.218,ListenV,AuralOral Communication
429,362.987,369.227,6.24,Fidget,Others
430,369.227,376.506,7.279,Note,Others
1,369.432,375.924,6.492,FaceDown,Head Movement
2,375.924,406.742,30.818,FaceForward,Head Movement
3,406.812,408.529,1.717,FaceDown,Head Movement
4,408.529,411.705,3.176,FaceForward,Head Movement
5,411.705,419.904,8.199,FaceDown,Head Movement
431,412.708,429.364,16.656,Note,Others
6,419.917,420.729,0.812,FaceForward,Head Movement
7,420.735,434.794,14.059,FaceDown,Head Movement
432,429.364,431.898,2.534,,Others
433,431.903,434.928,3.025,Note,Others
8,434.794,435.788,0.994,FaceForward,Head Movement
434,435.409,464.661,29.252,Note,Others
9,435.788,492.564,56.776,FaceDown,Head Movement
435,466.799,474.813,8.014,Note,Others
436,477.184,491.301,14.117,Note,Others
10,492.581,496.36,3.779,FaceForward,Head Movement
437,494.288,500.321,6.033,Fidget,Others
11,496.36,499.791,3.431,FaceDown,Head Movement
12,499.794,500.268,0.474,TurnL,Head Movement
13,500.278,500.747,0.469,TurnR,Head Movement
438,500.321,511.995,11.674,,Others
14,500.747,501.341,0.594,FaceForward,Head Movement
15,501.341,507.926,6.585,TurnL,Head Movement
16,507.991,511.261,3.27,FaceDown,Head Movement
17,511.262,513.794,2.532,TurnL,Head Movement
322,511.987,517.489,5.502,ListenL,AuralOral Communication
18,513.794,514.315,0.521,FaceDown,Head Movement
19,514.315,519.384,5.069,TurnL,Head Movement
323,517.489,521.125,3.636,TalkL,AuralOral Communication
20,519.387,520.305,0.918,FaceDown,Head Movement
21,520.307,522.352,2.045,TurnL,Head Movement
324,521.125,521.87,0.745,ListenL,AuralOral Communication
325,521.87,527.656,5.786,TalkL,AuralOral Communication
22,522.352,522.547,0.195,FaceForward,Head Movement
23,522.547,527.621,5.074,TurnL,Head Movement
24,527.628,529.163,1.535,TurnR,Head Movement
326,527.656,534.606,6.95,TalkR,AuralOral Communication
25,529.168,532.814,3.646,FaceForward,Head Movement
26,532.814,534.344,1.53,Nod,Head Movement
27,534.344,535.773,1.429,TurnL,Head Movement
327,534.611,551.397,16.786,ListenL,AuralOral Communication
28,535.773,536.668,0.895,Nod,Head Movement
29,536.681,551.5,14.819,TurnL,Head Movement
328,551.397,553.355,1.958,ListenR,AuralOral Communication
30,551.506,552.084,0.578,TurnR,Head Movement
31,552.105,554.215,2.11,FaceForward,Head Movement
329,553.355,554.816,1.461,TalkR,AuralOral Communication
32,554.23,554.723,0.493,FaceDown,Head Movement
33,554.723,559.4,4.677,TurnL,Head Movement
330,554.816,559.405,4.589,ListenL,AuralOral Communication
331,559.405,562.51,3.105,ListenR,AuralOral Communication
34,559.407,561.736,2.329,TurnR,Head Movement
35,561.736,562.394,0.658,FaceForward,Head Movement
36,562.394,562.912,0.518,FaceDown,Head Movement
332,562.51,565.907,3.397,TalkR,AuralOral Communication
37,562.922,564.728,1.806,TurnR,Head Movement
38,564.747,565.285,0.538,TurnL,Head Movement
39,565.285,566.899,1.614,Nod,Head Movement
333,565.955,572.007,6.052,ListenL,AuralOral Communication
40,566.9,567.805,0.905,TurnL,Head Movement
41,567.805,568.405,0.6,FaceDown,Head Movement
42,568.4110000000001,571.157,2.746,TurnL,Head Movement
43,571.175,572.014,0.839,FaceForward,Head Movement
334,572.007,575.396,3.389,TalkL,AuralOral Communication
44,572.014,576.131,4.117,TurnL,Head Movement
335,575.396,579.769,4.373,TalkU,AuralOral Communication
45,576.145,576.774,0.629,TurnR,Head Movement
46,576.774,581.263,4.489,TurnL,Head Movement
336,579.769,580.9159999999999,1.147,ListenL,AuralOral Communication
337,580.9159999999999,586.645,5.729,TalkU,AuralOral Communication
47,581.27,581.596,0.326,TurnR,Head Movement
48,581.596,582.746,1.15,Nod,Head Movement
49,582.747,583.422,0.675,FaceForward,Head Movement
50,583.504,584.314,0.81,TurnL,Head Movement
51,584.314,584.741,0.427,FaceForward,Head Movement
52,584.769,586.0,1.231,TurnR,Head Movement
53,586.004,590.594,4.59,TurnL,Head Movement
338,586.645,590.677,4.032,ListenL,AuralOral Communication
54,590.6,591.391,0.791,Shake,Head Movement
339,590.686,597.707,7.021,TalkL,AuralOral Communication
55,591.391,593.275,1.884,Nod,Head Movement
56,593.275,595.806,2.531,FaceForward,Head Movement
57,595.806,601.726,5.92,TurnL,Head Movement
340,597.723,604.2,6.477,ListenL,AuralOral Communication
58,601.75,602.663,0.913,Nod,Head Movement
59,602.663,603.336,0.673,FaceForward,Head Movement
60,603.337,603.576,0.239,FaceDown,Head Movement
61,603.576,604.717,1.141,Nod,Head Movement
341,604.2,605.014,0.814,ListenR,AuralOral Communication
62,604.726,605.484,0.758,TurnR,Head Movement
342,605.023,606.307,1.284,TalkR,AuralOral Communication
63,605.484,606.145,0.661,Nod,Head Movement
64,606.151,607.85,1.6989999999999998,FaceForward,Head Movement
343,606.307,608.49,2.183,ListenR,AuralOral Communication
65,607.853,608.761,0.908,Nod,Head Movement
344,608.49,609.317,0.827,ListenL,AuralOral Communication
66,608.954,609.364,0.41,TurnL,Head Movement
345,609.317,612.514,3.197,ListenL,AuralOral Communication
67,609.379,613.209,3.83,FaceForward,Head Movement
346,612.514,617.055,4.541,TalkR,AuralOral Communication
68,613.209,615.8,2.591,TurnR,Head Movement
69,615.808,616.748,0.94,Nod,Head Movement
70,616.77,618.221,1.451,TurnR,Head Movement
347,617.055,618.404,1.349,ListenR,AuralOral Communication
71,618.221,619.231,1.01,TurnL,Head Movement
348,618.404,619.848,1.444,ListenL,AuralOral Communication
72,619.236,621.859,2.623,Nod,Head Movement
349,619.848,623.356,3.508,TalkU,AuralOral Communication
73,621.864,622.905,1.041,TurnL,Head Movement
74,622.908,624.172,1.264,FaceForward,Head Movement
350,623.979,624.815,0.836,TalkU,AuralOral Communication
75,624.172,624.493,0.321,Nod,Head Movement
76,624.493,626.473,1.98,TurnL,Head Movement
351,624.815,625.995,1.18,ListenL,AuralOral Communication
352,625.995,629.004,3.009,TalkR,AuralOral Communication
77,626.498,627.5889999999999,1.091,TurnR,Head Movement
78,627.602,629.056,1.454,Nod,Head Movement
353,629.043,630.056,1.013,ListenR,AuralOral Communication
79,629.078,632.863,3.785,TurnR,Head Movement
354,630.056,631.95,1.894,TalkR,AuralOral Communication
355,631.95,633.317,1.367,ListenR,AuralOral Communication
80,633.042,634.844,1.802,Nod,Head Movement
356,633.317,639.841,6.524,TalkR,AuralOral Communication
81,634.844,635.304,0.46,FaceForward,Head Movement
82,635.304,636.468,1.164,TurnR,Head Movement
83,636.483,641.702,5.219,FaceForward,Head Movement
357,639.841,642.295,2.454,ListenR,AuralOral Communication
84,641.715,645.848,4.133,Nod,Head Movement
358,642.295,643.4590000000001,1.164,TalkR,AuralOral Communication
359,643.4590000000001,645.449,1.99,ListenR,AuralOral Communication
85,645.858,647.129,1.271,FaceForward,Head Movement
360,646.2090000000001,648.827,2.618,TalkR,AuralOral Communication
86,647.129,648.384,1.255,TurnR,Head Movement
87,648.413,648.904,0.491,FaceForward,Head Movement
88,648.904,649.578,0.674,TurnL,Head Movement
89,649.665,650.509,0.844,FaceForward,Head Movement
90,650.509,651.847,1.338,TurnL,Head Movement
361,650.526,653.262,2.736,ListenL,AuralOral Communication
91,651.856,654.3,2.444,FaceForward,Head Movement
362,653.262,661.56,8.298,TalkU,AuralOral Communication
92,654.3,656.915,2.615,TurnR,Head Movement
93,656.919,657.44,0.521,TurnL,Head Movement
94,657.44,659.668,2.228,TurnR,Head Movement
95,659.702,661.001,1.299,FaceForward,Head Movement
96,661.001,665.668,4.667,TurnL,Head Movement
363,661.56,665.802,4.242,ListenL,AuralOral Communication
97,665.668,666.715,1.047,TurnR,Head Movement
364,665.802,672.999,7.197,ListenR,AuralOral Communication
98,666.729,667.033,0.304,FaceDown,Head Movement
99,667.044,669.391,2.347,TurnR,Head Movement
100,669.397,671.75,2.353,FaceForward,Head Movement
101,671.75,672.178,0.428,TurnL,Head Movement
102,672.194,672.998,0.804,FaceForward,Head Movement
365,672.999,677.58,4.581,ListenL,AuralOral Communication
103,673.01,677.5,4.49,TurnL,Head Movement
104,677.509,678.708,1.199,Nod,Head Movement
366,678.513,684.717,6.204,ListenR,AuralOral Communication
105,678.723,682.975,4.252,TurnR,Head Movement
106,683.018,684.538,1.52,FaceForward,Head Movement
107,684.54,686.506,1.966,Shake,Head Movement
367,684.717,686.493,1.776,TalkR,AuralOral Communication
368,686.493,688.506,2.013,ListenR,AuralOral Communication
108,686.548,687.505,0.957,TurnR,Head Movement
109,687.511,702.969,15.458,FaceForward,Head Movement
369,688.506,714.514,26.008,TalkU,AuralOral Communication
110,702.969,703.237,0.268,TurnL,Head Movement
111,703.252,707.889,4.6370000000000005,TurnR,Head Movement
112,707.92,708.458,0.538,TurnL,Head Movement
113,708.47,709.117,0.647,FaceForward,Head Movement
114,709.117,710.263,1.146,TurnR,Head Movement
115,710.263,711.211,0.948,FaceForward,Head Movement
116,711.22,712.71,1.49,TurnR,Head Movement
117,712.727,715.087,2.36,Nod,Head Movement
118,715.095,716.678,1.583,TurnL,Head Movement
370,716.486,717.766,1.28,TalkU,AuralOral Communication
119,716.693,718.552,1.859,TurnR,Head Movement
120,718.552,719.552,1.0,TurnL,Head Movement
371,719.205,721.949,2.744,ListenL,AuralOral Communication
121,719.565,721.28,1.715,Nod,Head Movement
122,721.71,723.37,1.66,Nod,Head Movement
372,721.949,734.036,12.087,TalkR,AuralOral Communication
123,723.404,724.383,0.979,Shake,Head Movement
124,724.431,725.011,0.58,TurnR,Head Movement
125,725.011,728.514,3.503,Nod,Head Movement
126,728.526,730.783,2.257,Nod,Head Movement
127,730.783,733.41,2.627,Shake,Head Movement
128,733.41,734.352,0.942,TurnL,Head Movement
129,734.364,735.264,0.9,Shake,Head Movement
130,735.266,735.936,0.67,FaceForward,Head Movement
373,735.652,759.539,23.887,ListenL,AuralOral Communication
131,735.939,738.973,3.034,TurnL,Head Movement
132,738.987,740.859,1.872,Nod,Head Movement
133,741.361,742.685,1.324,Nod,Head Movement
134,748.944,751.357,2.413,Nod,Head Movement
135,752.86,754.913,2.053,TurnL,Head Movement
136,759.174,761.189,2.015,TurnR,Head Movement
374,759.547,761.384,1.837,ListenR,AuralOral Communication
137,761.189,762.119,0.93,TurnL,Head Movement
375,761.384,762.413,1.029,ListenL,AuralOral Communication
138,762.119,766.5,4.381,TurnR,Head Movement
376,762.413,765.71,3.297,ListenR,AuralOral Communication
377,765.71,768.518,2.808,TalkR,AuralOral Communication
139,766.505,767.676,1.171,FaceForward,Head Movement
140,767.676,769.942,2.266,TurnR,Head Movement
378,768.518,770.226,1.708,ListenR,AuralOral Communication
141,769.996,771.026,1.03,Nod,Head Movement
379,770.226,774.915,4.689,TalkU,AuralOral Communication
142,771.076,772.855,1.779,FaceForward,Head Movement
143,772.868,775.087,2.219,Nod,Head Movement
144,775.098,777.808,2.71,FaceDown,Head Movement
380,775.606,783.581,7.975,TalkU,AuralOral Communication
145,777.808,778.926,1.118,TurnR,Head Movement
146,778.929,780.157,1.228,FaceDown,Head Movement
147,780.157,782.494,2.337,TurnR,Head Movement
148,782.497,790.147,7.65,TurnL,Head Movement
381,785.403,790.354,4.951,ListenL,AuralOral Communication
149,790.164,790.817,0.653,TurnR,Head Movement
382,790.354,791.239,0.885,ListenR,AuralOral Communication
150,790.821,792.921,2.1,FaceForward,Head Movement
383,791.239,811.505,20.266,TalkR,AuralOral Communication
151,792.921,793.319,0.398,TurnR,Head Movement
152,794.387,796.709,2.322,FaceDown,Head Movement
153,796.709,797.406,0.697,FaceForward,Head Movement
154,797.406,797.966,0.56,TurnR,Head Movement
155,798.003,798.761,0.758,Shake,Head Movement
156,798.761,804.523,5.7620000000000005,FaceForward,Head Movement
157,804.523,805.643,1.12,Shake,Head Movement
158,807.825,818.344,10.519,FaceForward,Head Movement
384,811.505,818.717,7.212,ListenR,AuralOral Communication
159,818.351,820.193,1.842,Nod,Head Movement
385,818.717,823.895,5.178,TalkR,AuralOral Communication
160,820.219,822.008,1.789,FaceForward,Head Movement
161,822.019,823.336,1.317,Nod,Head Movement
162,823.34,823.9,0.56,TurnL,Head Movement
439,823.892,915.632,91.74,,Others
163,915.632,1065.641,150.009,FaceForward,Head Movement
440,927.912,932.133,4.221,FaceForward,Others
386,929.505,1060.797,131.292,ListenV,AuralOral Communication
164,1065.641,1066.207,0.566,TurnR,Head Movement
165,1066.207,1066.837,0.63,TurnL,Head Movement
441,1066.376,1071.184,4.808,,Others
166,1071.175,1110.251,39.076,FaceDown,Head Movement
442,1072.708,1109.999,37.291,Note,Others
443,1109.999,1111.439,1.44,Fidget,Others
167,1110.251,1116.14,5.889,FaceForward,Head Movement
168,1116.14,1116.763,0.623,TurnL,Head Movement
169,1116.763,1118.054,1.291,FaceForward,Head Movement
387,1117.784,1122.56,4.776,ListenL,AuralOral Communication
170,1118.054,1122.673,4.619,TurnL,Head Movement
171,1122.714,1124.194,1.48,Shake,Head Movement
388,1123.355,1124.435,1.08,TalkU,AuralOral Communication
172,1124.194,1125.289,1.095,TurnL,Head Movement
389,1124.435,1124.831,0.396,ListenL,AuralOral Communication
390,1124.831,1130.691,5.86,TalkL,AuralOral Communication
173,1125.313,1126.523,1.21,Shake,Head Movement
174,1128.2,1129.307,1.107,FaceForward,Head Movement
175,1129.319,1130.166,0.847,Shake,Head Movement
391,1130.698,1136.648,5.95,ListenR,AuralOral Communication
176,1131.349,1132.436,1.087,TurnR,Head Movement
177,1132.446,1133.506,1.06,FaceForward,Head Movement
178,1133.506,1133.811,0.305,FaceDown,Head Movement
179,1133.811,1135.284,1.473,TurnR,Head Movement
444,1134.001,1136.028,2.027,Fidget,Others
180,1135.297,1135.975,0.678,TurnL,Head Movement
181,1135.975,1136.735,0.76,FaceDown,Head Movement
392,1136.648,1146.999,10.351,TalkL,AuralOral Communication
182,1136.735,1138.123,1.388,FaceForward,Head Movement
183,1138.148,1139.436,1.288,TurnL,Head Movement
184,1139.46,1140.355,0.895,FaceForward,Head Movement
185,1140.433,1142.815,2.382,TurnL,Head Movement
186,1142.815,1144.3,1.485,FaceForward,Head Movement
187,1144.31,1147.257,2.947,TurnL,Head Movement
393,1146.999,1155.778,8.779,ListenL,AuralOral Communication
188,1147.303,1147.532,0.229,FaceForward,Head Movement
189,1147.532,1157.326,9.794,TurnL,Head Movement
394,1155.778,1164.995,9.217,TalkL,AuralOral Communication
190,1157.367,1158.367,1.0,FaceDown,Head Movement
191,1158.367,1162.589,4.222,TurnL,Head Movement
192,1162.619,1163.2,0.581,FaceForward,Head Movement
193,1163.2,1164.978,1.778,TurnL,Head Movement
445,1164.612,1171.046,6.434,Fidget,Others
395,1164.995,1167.01,2.015,ListenU,AuralOral Communication
194,1165.011,1166.966,1.955,FaceDown,Head Movement
195,1166.966,1167.456,0.49,TurnR,Head Movement
396,1167.01,1170.747,3.737,ListenR,AuralOral Communication
196,1167.467,1170.81,3.343,FaceForward,Head Movement
397,1170.747,1182.012,11.265,ListenL,AuralOral Communication
197,1170.825,1176.978,6.153,TurnL,Head Movement
198,1176.987,1177.984,0.997,Nod ,Head Movement 
199,1177.985,1181.996,4.011,FaceForward,Head Movement
200,1181.996,1183.349,1.353,Nod,Head Movement
446,1182.023,1184.211,2.188,,Others
201,1183.349,1183.947,0.598,TurnL,Head Movement
202,1184.089,1184.728,0.639,FaceForward,Head Movement
398,1184.218,1184.953,0.735,ListenR ,AuralOral Communication 
203,1184.736,1185.552,0.816,TurnL,Head Movement
399,1184.953,1206.355,21.402,ListenL,AuralOral Communication
204,1185.552,1186.301,0.749,FaceForward,Head Movement
205,1186.309,1188.642,2.333,TurnL,Head Movement
206,1188.668,1190.263,1.595,FaceForward,Head Movement
207,1190.271,1192.184,1.913,TurnL,Head Movement
447,1192.149,1193.97,1.821,Fidget,Others
208,1192.184,1192.987,0.803,FaceDown,Head Movement
209,1192.987,1195.284,2.297,TurnL,Head Movement
448,1195.405,1198.42,3.015,Fidget,Others
210,1195.41,1197.924,2.514,FaceDown,Head Movement
211,1197.924,1198.889,0.965,TurnL,Head Movement
212,1198.907,1200.715,1.808,Nod,Head Movement
213,1204.999,1208.368,3.369,FaceForward,Head Movement
400,1206.367,1222.037,15.67,TalkU,AuralOral Communication
214,1208.368,1209.678,1.31,TurnL,Head Movement
215,1209.681,1211.142,1.461,FaceDown,Head Movement
216,1211.142,1212.357,1.215,TurnL,Head Movement
217,1212.357,1214.002,1.645,Shake,Head Movement
218,1214.002,1214.823,0.821,TurnR,Head Movement
219,1214.832,1216.189,1.357,TurnL,Head Movement
220,1216.239,1217.757,1.518,FaceForward,Head Movement
221,1217.757,1218.338,0.581,TurnL,Head Movement
222,1218.367,1219.342,0.975,Shake,Head Movement
223,1219.342,1219.627,0.285,FaceForward,Head Movement
224,1219.627,1221.305,1.678,TurnL,Head Movement
225,1221.401,1222.188,0.787,FaceForward,Head Movement
401,1222.054,1244.615,22.561,ListenL,AuralOral Communication
226,1222.2,1229.105,6.905,TurnL,Head Movement
227,1229.105,1230.184,1.079,Nod,Head Movement
228,1230.192,1231.419,1.227,FaceDown,Head Movement
229,1231.429,1233.863,2.434,FaceForward,Head Movement
230,1233.863,1236.152,2.289,TurnL,Head Movement
231,1236.168,1238.805,2.637,FaceForward,Head Movement
232,1238.821,1243.673,4.852,TurnL,Head Movement
233,1243.673,1244.721,1.048,FaceForward,Head Movement
402,1244.615,1283.224,38.609,TalkU,AuralOral Communication
234,1244.723,1245.852,1.129,FaceForward,Head Movement
235,1245.852,1246.393,0.541,TurnL,Head Movement
236,1246.413,1246.707,0.294,TurnR,Head Movement
237,1246.707,1247.648,0.941,FaceForward,Head Movement
238,1247.648,1248.501,0.853,Shake,Head Movement
239,1248.518,1250.115,1.597,TurnL,Head Movement
240,1250.12,1250.632,0.512,TurnR,Head Movement
241,1250.635,1253.598,2.963,FaceForward,Head Movement
242,1253.602,1254.706,1.104,Shake,Head Movement
243,1254.724,1258.669,3.945,FaceForward,Head Movement
244,1258.669,1262.807,4.138,FaceDown,Head Movement
245,1262.807,1265.684,2.877,TurnR,Head Movement
246,1265.697,1266.004,0.307,TurnL,Head Movement
247,1266.028,1267.246,1.218,FaceDown,Head Movement
248,1267.258,1267.787,0.529,FaceForward,Head Movement
249,1267.787,1268.343,0.556,FaceDown,Head Movement
250,1268.343,1269.568,1.225,TurnL,Head Movement
251,1269.568,1270.602,1.034,Shake,Head Movement
252,1270.618,1273.346,2.728,TurnL,Head Movement
253,1273.346,1275.273,1.927,TurnR,Head Movement
254,1275.273,1279.347,4.074,TurnL,Head Movement
255,1279.359,1279.757,0.398,FaceDown,Head Movement
256,1279.757,1280.131,0.374,TurnR,Head Movement
257,1280.131,1280.994,0.863,FaceDown,Head Movement
258,1281.011,1282.0,0.989,TurnR,Head Movement
259,1282.007,1285.768,3.761,TurnL,Head Movement
403,1283.224,1286.313,3.089,ListenL,AuralOral Communication
260,1285.769,1288.004,2.235,Nod,Head Movement
404,1286.313,1286.97,0.657,TalkL,AuralOral Communication
405,1286.973,1288.715,1.742,ListenL,AuralOral Communication
261,1288.025,1289.209,1.184,TurnL,Head Movement
406,1288.719,1293.711,4.992,TalkL,AuralOral Communication
262,1289.225,1289.824,0.599,FaceForward,Head Movement
263,1289.824,1291.625,1.8010000000000002,TurnL,Head Movement
264,1291.764,1292.271,0.507,FaceDown,Head Movement
265,1292.271,1293.75,1.479,TurnL,Head Movement
266,1293.761,1295.544,1.783,Nod,Head Movement
407,1294.896,1301.06,6.164,TalkL,AuralOral Communication
267,1295.572,1298.389,2.817,FaceForward,Head Movement
268,1298.389,1303.073,4.684,TurnL,Head Movement
269,1303.079,1304.401,1.322,TurnR,Head Movement
270,1304.419,1304.874,0.455,FaceForward,Head Movement
271,1304.874,1307.713,2.839,TurnL,Head Movement
408,1305.046,1307.803,2.757,ListenL,AuralOral Communication
272,1307.748,1308.071,0.323,FaceDown,Head Movement
409,1307.82,1354.811,46.991,TalkU,AuralOral Communication
273,1308.071,1308.452,0.381,TurnL,Head Movement
274,1308.467,1310.2,1.733,FaceForward,Head Movement
275,1310.2,1310.732,0.532,TurnR,Head Movement
276,1310.769,1311.389,0.62,FaceForward,Head Movement
277,1311.389,1312.963,1.5739999999999998,TurnL,Head Movement
278,1312.978,1314.727,1.749,TurnR,Head Movement
279,1314.736,1315.347,0.611,FaceForward,Head Movement
280,1315.347,1317.691,2.344,TurnL,Head Movement
281,1317.74,1318.76,1.02,FaceForward,Head Movement
282,1318.76,1321.096,2.336,FaceDown,Head Movement
283,1321.271,1328.889,7.618,TurnL,Head Movement
284,1328.911,1329.263,0.352,TurnR,Head Movement
285,1329.263,1330.892,1.629,Nod,Head Movement
286,1330.903,1333.727,2.824,TurnL,Head Movement
287,1333.732,1334.669,0.937,FaceDown,Head Movement
288,1334.681,1336.786,2.105,TurnR,Head Movement
289,1336.941,1337.912,0.971,FaceForward,Head Movement
290,1337.934,1338.661,0.727,TurnL,Head Movement
291,1338.713,1341.422,2.709,FaceDown,Head Movement
292,1341.424,1346.297,4.873,FaceForward,Head Movement
293,1346.297,1347.838,1.541,TurnR,Head Movement
294,1347.887,1353.953,6.066,FaceForward,Head Movement
295,1353.953,1356.478,2.525,TurnL,Head Movement
410,1354.811,1357.158,2.347,ListenL,AuralOral Communication
296,1356.492,1357.154,0.662,Nod,Head Movement
297,1357.157,1358.448,1.291,TurnR,Head Movement
411,1357.158,1359.705,2.547,ListenR,AuralOral Communication
298,1358.46,1359.924,1.464,Nod,Head Movement
412,1359.705,1360.054,0.349,TalkR,AuralOral Communication
299,1359.924,1361.257,1.333,TurnL,Head Movement
413,1360.054,1361.098,1.044,ListenL,AuralOral Communication
414,1361.098,1364.389,3.291,ListenR,AuralOral Communication
300,1361.266,1363.349,2.083,TurnR,Head Movement
301,1363.367,1364.907,1.54,Nod,Head Movement
415,1364.389,1365.401,1.012,TalkU,AuralOral Communication
302,1364.907,1365.568,0.661,FaceForward,Head Movement
416,1365.408,1367.853,2.445,ListenL,AuralOral Communication
303,1365.589,1366.248,0.659,TurnL,Head Movement
304,1366.305,1366.962,0.657,FaceDown,Head Movement
305,1366.977,1368.591,1.614,TurnR,Head Movement
417,1367.853,1370.41,2.557,ListenR,AuralOral Communication
306,1368.615,1369.732,1.117,Nod,Head Movement
307,1369.745,1376.849,7.104,FaceForward,Head Movement
418,1370.761,1381.811,11.05,TalkU,AuralOral Communication
308,1376.849,1379.596,2.747,Shake,Head Movement
309,1379.609,1381.422,1.813,FaceForward,Head Movement
310,1381.422,1381.971,0.549,TurnL,Head Movement
419,1381.857,1387.0,5.143,ListenR,AuralOral Communication
311,1382.004,1383.73,1.726,TurnR,Head Movement
312,1383.769,1385.268,1.499,Nod,Head Movement
313,1385.268,1397.472,12.204,TurnL,Head Movement
420,1387.0,1389.1,2.1,ListenL,AuralOral Communication
421,1389.1,1390.757,1.657,TalkL,AuralOral Communication
422,1390.757,1392.101,1.344,ListenL,AuralOral Communication
423,1392.101,1393.305,1.204,TalkL,AuralOral Communication
424,1393.305,1398.104,4.799,ListenL,AuralOral Communication
314,1397.489,1399.502,2.013,Nod,Head Movement
425,1398.104,1399.456,1.352,TalkL,AuralOral Communication
426,1399.474,1407.621,8.147,ListenL,AuralOral Communication
315,1399.527,1408.748,9.221,TurnL,Head Movement
449,1408.737,1483.097,74.36,,Others
316,1483.097,1490.397,7.3,FaceForward,Head Movement
427,1486.01,1525.517,39.507,ListenV,AuralOral Communication
317,1490.397,1491.175,0.778,FaceDown,Head Movement
318,1491.197,1510.853,19.656,FaceForward,Head Movement
319,1510.853,1513.267,2.414,FaceDown,Head Movement
450,1511.69,1514.008,2.318,Note,Others
320,1513.267,1525.511,12.244,FaceForward,Head Movement
802,1525.909,1549.223,23.314,ListenV,AuralOral Communication
451,1525.909,1537.53,11.621,FaceForward,Head Movement
452,1537.53,1588.29,50.76,FaceDown,Head Movement
987,1538.508,1584.774,46.266,Note,Others
803,1549.223,1552.531,3.308,ListenU,AuralOral Communication
453,1588.29,1594.26,5.97,TurnL,Head Movement
804,1589.866,1594.76,4.894,TalkL,AuralOral Communication
454,1594.26,1597.81,3.55,FaceForward,Head Movement
805,1594.799,1597.792,2.993,ListenU,AuralOral Communication
455,1597.819,1598.42,0.601,TurnL,Head Movement
806,1597.919,1598.958,1.039,ListenL,AuralOral Communication
456,1598.42,1601.37,2.95,FaceDown,Head Movement
807,1598.958,1619.755,20.797,TalkU,AuralOral Communication
457,1601.418,1603.41,1.992,TurnL,Head Movement
458,1603.41,1606.59,3.18,FaceDown,Head Movement
459,1606.602,1610.87,4.268,TurnL,Head Movement
460,1610.87,1611.88,1.01,TurnR,Head Movement
461,1611.916,1616.64,4.724,FaceForward,Head Movement
462,1616.64,1619.07,2.43,TurnR,Head Movement
463,1619.07,1620.46,1.39,TurnL,Head Movement
464,1620.467,1621.07,0.603,FaceDown,Head Movement
808,1620.944,1622.252,1.308,TalkL,AuralOral Communication
465,1621.114,1624.07,2.956,TurnL,Head Movement
466,1624.07,1628.502,4.432,TurnR,Head Movement
809,1624.112,1633.129,9.017,TalkR,AuralOral Communication
467,1628.574,1630.278,1.704,FaceForward,Head Movement
468,1630.312,1632.611,2.299,TurnR,Head Movement
469,1632.611,1638.784,6.173,TurnL,Head Movement
810,1633.129,1635.869,2.74,ListenL,AuralOral Communication
811,1635.869,1642.251,6.382,TalkL,AuralOral Communication
470,1638.784,1641.27,2.486,Shake,Head Movement
471,1641.271,1642.043,0.772,TurnL,Head Movement
472,1642.043,1654.71,12.667,TurnR,Head Movement
812,1642.251,1643.8,1.549,ListenR,AuralOral Communication
813,1643.8,1656.995,13.195,TalkR,AuralOral Communication
473,1654.732,1656.278,1.546,Shake,Head Movement
474,1657.298,1660.167,2.869,FaceForward,Head Movement
814,1658.204,1663.041,4.837,TalkR,AuralOral Communication
475,1660.167,1662.895,2.728,TurnR,Head Movement
476,1662.916,1664.92,2.004,TurnL,Head Movement
477,1665.563,1666.562,0.999,FaceForward,Head Movement
478,1666.562,1670.648,4.086,TurnL,Head Movement
815,1666.987,1668.585,1.598,ListenL,AuralOral Communication
816,1668.585,1694.4,25.815,TalkU,AuralOral Communication
479,1670.648,1674.367,3.719,FaceForward,Head Movement
480,1674.367,1675.576,1.209,Shake,Head Movement
481,1675.597,1679.414,3.817,TurnL,Head Movement
482,1680.038,1681.364,1.326,FaceDown,Head Movement
483,1681.399,1682.364,0.965,TurnR,Head Movement
484,1682.364,1693.352,10.988,FaceForward,Head Movement
485,1693.352,1698.253,4.901,TurnL,Head Movement
817,1695.26,1707.501,12.241,ListenL,AuralOral Communication
486,1698.253,1701.914,3.661,Nod,Head Movement
487,1701.932,1703.722,1.79,TurnL,Head Movement
488,1703.722,1705.305,1.583,Nod,Head Movement
489,1705.317,1706.994,1.677,TurnL,Head Movement
490,1706.995,1710.058,3.063,Nod,Head Movement
818,1707.501,1716.019,8.518,TalkU,AuralOral Communication
491,1710.058,1711.167,1.109,FaceDown,Head Movement
492,1711.172,1712.463,1.291,TurnL,Head Movement
493,1712.463,1713.698,1.235,TurnR,Head Movement
494,1713.698,1714.006,0.308,FaceDown,Head Movement
495,1714.044,1715.648,1.604,TurnR,Head Movement
496,1715.648,1717.685,2.037,FaceForward,Head Movement
819,1717.17,1729.591,12.421,TalkU,AuralOral Communication
497,1717.685,1719.006,1.321,Shake,Head Movement
498,1719.006,1721.348,2.342,TurnR,Head Movement
499,1721.364,1723.192,1.828,FaceForward,Head Movement
500,1723.215,1724.043,0.828,TurnR,Head Movement
501,1724.043,1727.019,2.976,FaceForward,Head Movement
988,1727.055,1728.489,1.434,,Others
502,1728.537,1730.883,2.346,TurnL,Head Movement
820,1730.458,1731.369,0.911,ListenL,AuralOral Communication
503,1730.883,1732.587,1.704,TurnR,Head Movement
821,1731.369,1735.274,3.905,ListenR,AuralOral Communication
504,1732.587,1732.945,0.358,TurnL,Head Movement
505,1732.99,1735.327,2.337,TurnR,Head Movement
822,1735.274,1742.848,7.574,TalkU,AuralOral Communication
506,1735.327,1736.574,1.247,Nod,Head Movement
507,1736.574,1738.747,2.173,TurnR,Head Movement
508,1738.774,1739.898,1.124,FaceForward,Head Movement
509,1739.929,1741.015,1.086,TurnL,Head Movement
510,1741.038,1741.858,0.82,TurnR,Head Movement
511,1741.865,1743.574,1.709,Nod,Head Movement
823,1743.26,1745.245,1.985,ListenL,AuralOral Communication
512,1743.574,1745.384,1.81,TurnL,Head Movement
824,1745.245,1746.73,1.485,ListenR,AuralOral Communication
513,1745.384,1746.246,0.862,FaceForward,Head Movement
514,1746.276,1759.842,13.566,TurnL,Head Movement
825,1746.73,1750.164,3.434,TalkL,AuralOral Communication
826,1750.164,1751.03,0.866,ListenL,AuralOral Communication
827,1751.03,1758.027,6.997,TalkL,AuralOral Communication
828,1758.027,1759.114,1.087,ListenL,AuralOral Communication
829,1759.114,1763.006,3.892,TalkU,AuralOral Communication
515,1759.842,1763.003,3.161,FaceForward,Head Movement
830,1763.006,1764.271,1.265,ListenU,AuralOral Communication
516,1763.034,1763.876,0.842,TurnL,Head Movement
517,1763.876,1764.848,0.972,Nod,Head Movement
831,1764.271,1785.177,20.906,TalkU,AuralOral Communication
518,1764.87,1767.022,2.152,FaceDown,Head Movement
519,1767.022,1768.642,1.62,TurnL,Head Movement
520,1768.66,1769.886,1.226,Shake,Head Movement
521,1769.888,1770.881,0.993,Shake,Head Movement
522,1770.881,1772.168,1.287,TurnL,Head Movement
523,1772.168,1772.804,0.636,TurnR,Head Movement
524,1772.804,1773.445,0.641,FaceForward,Head Movement
525,1773.445,1774.539,1.094,TurnR,Head Movement
526,1774.546,1775.135,0.589,<undefined>,Head Movement
527,1775.135,1776.207,1.072,TurnR,Head Movement
528,1776.244,1778.434,2.19,TurnL,Head Movement
529,1778.434,1779.789,1.355,FaceDown,Head Movement
530,1779.789,1781.399,1.61,FaceForward,Head Movement
531,1781.399,1791.723,10.324,TurnL,Head Movement
832,1785.177,1786.671,1.494,ListenL,AuralOral Communication
833,1786.671,1790.422,3.751,TalkL,AuralOral Communication
834,1790.664,1792.862,2.198,ListenL,AuralOral Communication
532,1791.765,1793.324,1.5590000000000002,Nod,Head Movement
835,1792.862,1794.108,1.246,TalkL,AuralOral Communication
533,1793.324,1794.628,1.304,FaceDown,Head Movement
836,1794.108,1796.965,2.857,ListenL,AuralOral Communication
534,1794.677,1796.864,2.187,TurnL,Head Movement
535,1796.864,1797.892,1.028,TurnR,Head Movement
837,1796.965,1799.48,2.515,TalkR,AuralOral Communication
536,1797.892,1799.909,2.017,Nod,Head Movement
838,1799.526,1807.226,7.7,TalkR,AuralOral Communication
537,1799.912,1801.211,1.299,FaceForward,Head Movement
538,1801.2179999999998,1808.124,6.906,TurnR,Head Movement
539,1808.124,1808.809,0.685,TurnL,Head Movement
839,1808.179,1808.87,0.691,ListenL,AuralOral Communication
540,1808.809,1810.876,2.067,TurnR,Head Movement
840,1808.87,1811.269,2.399,ListenR,AuralOral Communication
541,1810.923,1813.08,2.157,Nod,Head Movement
841,1811.269,1832.276,21.007,ListenL,AuralOral Communication
542,1813.08,1832.748,19.668,TurnL,Head Movement
842,1832.276,1839.387,7.111,TalkL,AuralOral Communication
543,1832.769,1835.069,2.3,Nod,Head Movement
544,1835.069,1836.34,1.271,FaceDown,Head Movement
989,1836.149,1839.612,3.463,Fidget,Others
545,1836.368,1839.262,2.894,TurnL,Head Movement
546,1839.262,1841.144,1.882,Nod,Head Movement
843,1839.387,1845.541,6.154,ListenL,AuralOral Communication
547,1841.144,1842.163,1.019,TurnL,Head Movement
548,1842.163,1843.583,1.42,Nod,Head Movement
549,1843.583,1847.483,3.9,FaceForward,Head Movement
844,1845.541,1866.17,20.629,TalkL,AuralOral Communication
550,1847.485,1850.577,3.092,TurnL,Head Movement
551,1850.577,1851.5,0.923,FaceForward,Head Movement
552,1851.5,1857.251,5.751,TurnL,Head Movement
553,1857.256,1858.456,1.2,Nod,Head Movement
554,1858.458,1861.715,3.257,FaceForward,Head Movement
555,1861.721,1865.34,3.619,TurnL,Head Movement
556,1865.34,1866.815,1.475,FaceForward,Head Movement
557,1866.861,1867.853,0.992,FaceDown,Head Movement
845,1866.936,1871.289,4.353,TalkU,AuralOral Communication
990,1867.72,1871.676,3.956,Fidget,Others
558,1867.853,1869.24,1.387,TurnR,Head Movement
559,1869.261,1870.262,1.001,FaceDown,Head Movement
560,1870.268,1871.461,1.193,TurnR,Head Movement
561,1871.471,1873.76,2.289,FaceForward,Head Movement
562,1873.76,1874.831,1.071,Shake,Head Movement
846,1874.167,1885.991,11.824,TalkU,AuralOral Communication
563,1874.831,1878.743,3.912,FaceForward,Head Movement
564,1878.743,1880.08,1.337,TurnR,Head Movement
565,1880.08,1882.036,1.956,FaceForward,Head Movement
566,1882.036,1889.464,7.428,TurnL,Head Movement
847,1886.333,1892.085,5.752,ListenL,AuralOral Communication
567,1889.464,1890.92,1.456,Nod,Head Movement
568,1890.942,1898.262,7.32,TurnL,Head Movement
848,1892.085,1896.458,4.373,TalkL,AuralOral Communication
991,1898.262,1958.558,60.296,,Others
849,1958.552,2078.597,120.045,ListenV,AuralOral Communication
569,1958.558,1959.373,0.815,FaceDown,Head Movement
570,1959.388,1960.135,0.747,FaceForward,Head Movement
571,1960.135,1962.19,2.055,FaceDown,Head Movement
572,1962.19,1964.417,2.227,FaceForward,Head Movement
992,1963.772,1995.076,31.304,Note,Others
573,1964.631,1994.583,29.952,FaceDown,Head Movement
574,1995.052,2079.733,84.681,ListenV,Head Movement
993,2044.171,2047.077,2.906,Fidget,Others
575,2079.738,2114.34,34.602,FaceDown,Head Movement
850,2080.793,2082.589,1.796,ListenU,AuralOral Communication
994,2083.9700000000003,2110.759,26.789,Note,Others
576,2114.541,2120.323,5.782,FaceForward,Head Movement
577,2120.54,2124.423,3.883,FaceDown,Head Movement
578,2124.555,2125.632,1.077,FaceForward,Head Movement
579,2125.647,2127.003,1.356,FaceDown,Head Movement
851,2125.664,2128.274,2.61,TalkL,AuralOral Communication
580,2127.01,2127.765,0.755,TurnL,Head Movement
581,2127.77,2130.505,2.735,FaceForward,Head Movement
852,2128.286,2145.385,17.099,ListenL,AuralOral Communication
582,2130.505,2148.566,18.061,TurnL,Head Movement
853,2145.951,2147.301,1.35,ListenL,AuralOral Communication
854,2148.274,2150.372,2.098,ListenR,AuralOral Communication
583,2148.566,2149.284,0.718,TurnR,Head Movement
584,2149.284,2150.063,0.779,FaceForward,Head Movement
585,2150.068,2152.456,2.388,Nod,Head Movement
855,2150.372,2153.577,3.205,TalkU,AuralOral Communication
586,2152.456,2157.074,4.618,TurnL,Head Movement
856,2154.568,2157.164,2.596,ListenL,AuralOral Communication
587,2157.074,2158.428,1.354,TurnR,Head Movement
857,2157.164,2158.987,1.823,ListenR,AuralOral Communication
588,2158.428,2161.798,3.37,Nod,Head Movement
858,2159.567,2165.186,5.619,ListenR,AuralOral Communication
589,2161.798,2165.324,3.526,Nod,Head Movement
859,2165.211,2171.627,6.416,ListenL,AuralOral Communication
590,2165.324,2171.196,5.872,TurnL,Head Movement
591,2171.196,2174.168,2.972,TurnR,Head Movement
860,2171.627,2174.357,2.73,ListenR,AuralOral Communication
592,2174.168,2180.621,6.453,TurnL,Head Movement
861,2174.357,2178.905,4.548,ListenL,AuralOral Communication
862,2178.905,2180.842,1.937,TalkL,AuralOral Communication
593,2180.621,2181.826,1.205,TurnR,Head Movement
863,2180.842,2182.274,1.432,ListenR,AuralOral Communication
594,2181.83,2184.116,2.286,Nod,Head Movement
864,2182.299,2184.731,2.432,ListenR,AuralOral Communication
595,2184.116,2187.655,3.539,FaceForward,Head Movement
865,2184.76,2201.064,16.304,TalkU,AuralOral Communication
596,2187.655,2189.439,1.784,Shake,Head Movement
597,2189.439,2190.367,0.928,FaceDown,Head Movement
598,2190.367,2191.174,0.807,TurnR ,Head Movement 
599,2191.179,2191.975,0.796,TurnL,Head Movement
600,2191.986,2192.558,0.572,FaceForward,Head Movement
601,2192.558,2193.006,0.448,TurnL,Head Movement
602,2193.006,2194.858,1.852,FaceForward,Head Movement
603,2194.858,2195.878,1.02,Shake,Head Movement
604,2195.878,2200.282,4.404,TurnR,Head Movement
605,2200.282,2201.7,1.418,Nod,Head Movement
866,2201.064,2203.875,2.811,ListenL,AuralOral Communication
606,2201.726,2202.561,0.835,TurnL,Head Movement
607,2202.561,2210.024,7.463,TurnR,Head Movement
867,2203.875,2204.755,0.88,ListenR,AuralOral Communication
868,2204.755,2205.704,0.949,TalkR,AuralOral Communication
869,2205.704,2210.362,4.658,ListenR,AuralOral Communication
608,2210.024,2210.973,0.949,TurnL,Head Movement
870,2210.362,2211.65,1.288,ListenL,AuralOral Communication
609,2210.973,2213.541,2.568,Nod,Head Movement
871,2211.65,2215.042,3.392,TalkU,AuralOral Communication
610,2213.541,2215.311,1.77,FaceForward,Head Movement
872,2215.042,2217.172,2.13,ListenU,AuralOral Communication
611,2215.311,2216.23,0.919,FaceForward,Head Movement
612,2216.23,2217.804,1.5739999999999998,TurnL,Head Movement
873,2217.172,2217.804,0.632,ListenL,AuralOral Communication
613,2217.804,2218.782,0.978,TurnR,Head Movement
874,2217.804,2218.62,0.816,ListenR,AuralOral Communication
875,2218.622,2222.054,3.432,ListenL,AuralOral Communication
614,2218.792,2221.539,2.747,TurnL,Head Movement
615,2221.543,2226.929,5.386,TurnR,Head Movement
876,2222.054,2233.855,11.801,ListenR,AuralOral Communication
616,2226.929,2228.098,1.169,FaceDown,Head Movement
617,2228.098,2232.017,3.919,TurnR,Head Movement
618,2232.017,2233.017,1.0,FaceDown,Head Movement
619,2233.017,2233.62,0.603,TurnR,Head Movement
620,2233.639,2235.127,1.488,TurnL,Head Movement
877,2233.856,2235.394,1.538,ListenL,AuralOral Communication
621,2235.127,2247.921,12.794,TurnR,Head Movement
878,2235.394,2238.765,3.371,ListenR,AuralOral Communication
879,2238.765,2244.775,6.01,TalkR,AuralOral Communication
880,2244.775,2248.296,3.521,ListenR,AuralOral Communication
622,2247.921,2253.723,5.802,TurnL,Head Movement
881,2248.296,2265.436,17.14,ListenL,AuralOral Communication
623,2253.723,2254.995,1.272,FaceDown,Head Movement
624,2255.036,2268.002,12.966,TurnL,Head Movement
882,2265.484,2267.075,1.591,TalkL,AuralOral Communication
883,2267.075,2270.149,3.074,ListenL,AuralOral Communication
625,2268.002,2269.5460000000003,1.544,FaceForward,Head Movement
626,2269.5460000000003,2270.0460000000003,0.5,TurnL,Head Movement
627,2270.0460000000003,2273.965,3.919,TurnR,Head Movement
884,2270.149,2278.393,8.244,ListenR,AuralOral Communication
628,2273.988,2277.237,3.249,Nod,Head Movement
629,2277.24,2278.48,1.24,TurnL,Head Movement
885,2278.393,2281.267,2.874,ListenL,AuralOral Communication
630,2278.48,2280.164,1.6840000000000002,Nod,Head Movement
631,2280.18,2281.561,1.381,FaceForward,Head Movement
886,2281.267,2282.124,0.857,TalkU,AuralOral Communication
632,2281.561,2287.561,6.0,TurnL,Head Movement
887,2282.124,2293.747,11.623,ListenL,AuralOral Communication
633,2287.561,2290.794,3.233,Nod,Head Movement
634,2290.829,2295.973,5.144,FaceForward,Head Movement
888,2293.747,2300.992,7.245,TalkU,AuralOral Communication
635,2295.973,2300.061,4.088,TurnR,Head Movement
636,2300.077,2304.765,4.688,TurnL,Head Movement
889,2302.164,2305.589,3.425,ListenL,AuralOral Communication
637,2304.765,2307.813,3.048,Nod,Head Movement
890,2305.589,2309.775,4.186,TalkL,AuralOral Communication
638,2307.831,2310.32,2.489,Shake,Head Movement
891,2309.775,2311.964,2.189,ListenL,AuralOral Communication
639,2310.32,2311.524,1.204,FaceForward,Head Movement
640,2311.556,2313.436,1.88,TurnL,Head Movement
892,2313.098,2314.318,1.22,ListenR,AuralOral Communication
641,2313.436,2315.76,2.324,TurnR,Head Movement
893,2314.318,2315.2290000000003,0.911,ListenL,AuralOral Communication
894,2315.2290000000003,2316.784,1.5550000000000002,ListenR,AuralOral Communication
642,2315.769,2317.374,1.605,Nod,Head Movement
895,2316.784,2318.1040000000003,1.32,TalkR,AuralOral Communication
643,2317.399,2322.237,4.838,TurnR,Head Movement
896,2318.1040000000003,2331.374,13.27,ListenR,AuralOral Communication
644,2322.237,2326.717,4.48,Nod,Head Movement
645,2326.75,2328.399,1.649,TurnL,Head Movement
646,2328.404,2329.429,1.025,TurnR,Head Movement
647,2329.457,2338.98,9.523,TurnL,Head Movement
897,2331.374,2338.771,7.397,ListenL,AuralOral Communication
898,2338.771,2339.856,1.085,ListenR,AuralOral Communication
648,2338.98,2339.808,0.828,TurnR,Head Movement
649,2339.808,2349.186,9.378,TurnL,Head Movement
899,2339.856,2352.16,12.304,ListenL,AuralOral Communication
650,2349.186,2350.414,1.228,Nod,Head Movement
651,2350.414,2352.017,1.603,TurnL,Head Movement
652,2352.024,2354.26,2.236,TurnR,Head Movement
900,2352.16,2354.504,2.344,ListenR,AuralOral Communication
653,2354.267,2355.105,0.838,TurnL,Head Movement
901,2354.535,2356.363,1.828,ListenU,AuralOral Communication
654,2355.105,2362.385,7.28,TurnR,Head Movement
902,2356.363,2362.859,6.496,ListenR,AuralOral Communication
655,2362.385,2368.127,5.742,TurnL,Head Movement
903,2362.859,2370.142,7.283,ListenL,AuralOral Communication
656,2368.127,2372.176,4.049,Nod,Head Movement
904,2370.142,2370.98,0.838,TalkL,AuralOral Communication
905,2370.98,2378.289,7.309,ListenR,AuralOral Communication
657,2372.177,2377.002,4.825,TurnR,Head Movement
658,2377.002,2379.583,2.581,TurnL,Head Movement
906,2378.289,2380.174,1.885,ListenL,AuralOral Communication
659,2379.583,2381.848,2.265,TurnR,Head Movement
907,2380.174,2392.775,12.601,ListenR,AuralOral Communication
660,2381.848,2386.337,4.489,Nod,Head Movement
661,2386.337,2390.252,3.915,FaceForward,Head Movement
662,2390.252,2391.429,1.177,TurnR,Head Movement
663,2391.429,2399.157,7.728,TurnL,Head Movement
908,2392.775,2396.208,3.433,ListenL,AuralOral Communication
909,2396.208,2403.429,7.221,TalkU,AuralOral Communication
664,2399.157,2402.414,3.257,TurnR,Head Movement
665,2402.414,2403.583,1.169,TurnL,Head Movement
910,2403.444,2404.664,1.22,ListenR,AuralOral Communication
666,2403.583,2404.508,0.925,TurnR,Head Movement
667,2404.508,2406.414,1.906,FaceForward,Head Movement
911,2404.678,2409.066,4.388,TalkU,AuralOral Communication
668,2406.414,2407.774,1.36,TurnR,Head Movement
669,2407.808,2409.811,2.003,TurnL,Head Movement
670,2409.811,2411.532,1.721,FaceDown,Head Movement
912,2410.776,2418.907,8.131,TalkL,AuralOral Communication
671,2411.532,2421.487,9.955,TurnL,Head Movement
913,2418.907,2425.572,6.665,ListenL,AuralOral Communication
672,2421.487,2422.319,0.832,FaceDown,Head Movement
673,2422.319,2423.458,1.139,TurnL,Head Movement
674,2423.458,2424.76,1.302,Nod,Head Movement
675,2424.763,2427.563,2.8,TurnL,Head Movement
914,2425.572,2427.791,2.219,TalkL,AuralOral Communication
676,2427.563,2429.967,2.404,Nod,Head Movement
915,2427.791,2430.055,2.264,TalkL,AuralOral Communication
995,2429.967,2483.275,53.308,,Others
677,2483.275,2557.429,74.154,FaceForward,Head Movement
916,2508.754,2557.855,49.101,ListenV,AuralOral Communication
678,2557.429,2614.473,57.044,FaceDown,Head Movement
996,2558.75,2615.304,56.554,Note,Others
917,2562.039,2566.694,4.655,ListenU,AuralOral Communication
679,2614.473,2616.193,1.72,TurnL,Head Movement
680,2616.193,2616.9210000000003,0.728,FaceDown,Head Movement
681,2616.9210000000003,2618.039,1.118,TurnL,Head Movement
682,2618.052,2620.862,2.81,FaceForward,Head Movement
683,2620.862,2622.576,1.714,FaceDown,Head Movement
684,2622.576,2623.782,1.206,FaceForward,Head Movement
685,2623.812,2625.774,1.962,Shake,Head Movement
686,2625.783,2631.443,5.66,FaceForward,Head Movement
687,2631.465,2634.458,2.993,TurnL,Head Movement
918,2632.782,2639.192,6.41,ListenL,AuralOral Communication
688,2634.458,2635.282,0.824,FaceDown,Head Movement
689,2635.288,2638.362,3.074,TurnL,Head Movement
690,2638.398,2640.48,2.082,FaceForward,Head Movement
919,2639.2200000000003,2643.048,3.828,TalkU,AuralOral Communication
691,2640.48,2642.502,2.022,TurnL,Head Movement
692,2642.502,2643.105,0.603,TurnR,Head Movement
693,2643.108,2650.186,7.078,FaceForward,Head Movement
920,2645.562,2652.489,6.927,TalkU,AuralOral Communication
694,2650.186,2654.201,4.015,TurnL,Head Movement
921,2652.489,2654.561,2.072,ListenL,AuralOral Communication
695,2654.204,2655.574,1.37,Nod,Head Movement
922,2654.561,2655.977,1.416,TalkL,AuralOral Communication
696,2655.574,2656.745,1.171,FaceForward,Head Movement
923,2656.005,2657.87,1.865,TalkL,AuralOral Communication
697,2656.745,2660.127,3.382,TurnL,Head Movement
924,2657.87,2660.792,2.922,TalkU,AuralOral Communication
698,2660.127,2661.443,1.316,Nod,Head Movement
925,2660.792,2661.348,0.556,TalkU,AuralOral Communication
926,2661.348,2662.8,1.452,ListenL,AuralOral Communication
699,2661.461,2662.7960000000003,1.335,TurnL,Head Movement
700,2662.7960000000003,2663.693,0.897,Nod,Head Movement
927,2662.8,2663.782,0.982,TalkL,AuralOral Communication
701,2663.6980000000003,2672.135,8.437,FaceDown,Head Movement
928,2663.782,2664.767,0.985,ListenL,AuralOral Communication
929,2664.767,2668.657,3.89,TalkU,AuralOral Communication
930,2668.837,2673.704,4.867,ListenU,AuralOral Communication
702,2672.135,2679.465,7.33,TurnL,Head Movement
931,2673.782,2681.789,8.007,ListenL,AuralOral Communication
703,2679.465,2681.575,2.11,Nod,Head Movement
704,2681.579,2684.752,3.173,TurnR,Head Movement
932,2681.808,2684.752,2.944,ListenR,AuralOral Communication
933,2684.752,2686.635,1.883,ListenL,AuralOral Communication
705,2684.754,2686.355,1.601,TurnL,Head Movement
706,2686.355,2687.326,0.971,TurnR,Head Movement
934,2686.648,2687.399,0.751,ListenR,AuralOral Communication
707,2687.326,2689.377,2.051,TurnL,Head Movement
935,2687.401,2689.568,2.167,ListenL,AuralOral Communication
708,2689.407,2691.762,2.355,TurnR,Head Movement
936,2689.568,2702.848,13.28,ListenR,AuralOral Communication
709,2691.762,2693.958,2.196,Nod,Head Movement
997,2693.76,2695.651,1.891,Fidget,Others
710,2694.0060000000003,2696.4210000000003,2.415,Nod,Head Movement
711,2696.426,2698.3630000000003,1.937,Shake,Head Movement
712,2698.3630000000003,2700.615,2.252,TurnR,Head Movement
713,2700.615,2703.348,2.733,FaceForward,Head Movement
937,2702.848,2709.109,6.261,TalkU,AuralOral Communication
714,2703.348,2706.348,3.0,TurnL,Head Movement
715,2706.348,2708.024,1.6760000000000002,TurnR,Head Movement
716,2708.03,2710.62,2.59,TurnL,Head Movement
938,2710.481,2742.328,31.847,ListenL,AuralOral Communication
717,2710.62,2712.774,2.154,TurnL,Head Movement
718,2712.802,2713.554,0.752,FaceDown,Head Movement
719,2713.554,2722.576,9.022,TurnL,Head Movement
720,2722.576,2725.567,2.991,Shake,Head Movement
721,2725.567,2740.76,15.193,TurnL,Head Movement
722,2740.76,2742.635,1.875,Nod,Head Movement
939,2742.328,2743.343,1.015,ListenR,AuralOral Communication
723,2742.635,2744.517,1.882,TurnR,Head Movement
940,2743.35,2743.947,0.597,TalkR,AuralOral Communication
941,2743.947,2748.36,4.413,ListenL,AuralOral Communication
724,2744.517,2748.762,4.245,TurnL,Head Movement
942,2748.36,2752.745,4.385,TalkR,AuralOral Communication
725,2748.762,2749.774,1.012,TurnR,Head Movement
726,2749.802,2751.186,1.384,FaceForward,Head Movement
727,2751.187,2754.531,3.344,Nod,Head Movement
943,2752.7650000000003,2755.956,3.191,ListenL,AuralOral Communication
728,2754.531,2761.885,7.354,TurnL,Head Movement
944,2755.956,2762.443,6.487,TalkL,AuralOral Communication
729,2761.907,2763.0460000000003,1.139,TurnR,Head Movement
945,2762.465,2763.525,1.06,ListenR,AuralOral Communication
730,2763.0460000000003,2764.624,1.5779999999999998,Nod,Head Movement
946,2763.543,2779.84,16.297,TalkR,AuralOral Communication
731,2764.643,2767.774,3.131,TurnR,Head Movement
732,2767.776,2771.3810000000003,3.605,FaceForward,Head Movement
733,2771.384,2773.635,2.251,TurnL,Head Movement
734,2773.635,2778.784,5.149,TurnR,Head Movement
735,2778.784,2781.855,3.071,Nod,Head Movement
947,2779.8630000000003,2780.856,0.993,ListenR,AuralOral Communication
948,2780.856,2781.686,0.83,TalkR,AuralOral Communication
949,2781.69,2784.886,3.196,ListenR,AuralOral Communication
736,2781.855,2784.576,2.721,TurnR,Head Movement
737,2784.576,2786.5460000000003,1.97,Nod,Head Movement
950,2784.886,2786.033,1.147,TalkR,AuralOral Communication
951,2786.033,2790.548,4.515,ListenR,AuralOral Communication
738,2786.5460000000003,2787.885,1.339,TurnR,Head Movement
739,2787.899,2789.973,2.074,Nod,Head Movement
740,2789.973,2790.767,0.794,TurnL,Head Movement
952,2790.566,2791.158,0.592,ListenL,AuralOral Communication
741,2790.767,2794.7870000000003,4.02,TurnR,Head Movement
953,2791.16,2799.965,8.805,ListenR,AuralOral Communication
742,2794.7870000000003,2797.366,2.579,Nod,Head Movement
743,2797.366,2798.318,0.952,FaceForward,Head Movement
744,2798.318,2800.417,2.099,Shake,Head Movement
954,2799.965,2803.119,3.154,ListenL,AuralOral Communication
745,2800.417,2802.778,2.361,TurnL,Head Movement
746,2802.778,2807.098,4.32,FaceForward,Head Movement
955,2803.119,2811.684,8.565,ListenR,AuralOral Communication
747,2807.098,2809.017,1.919,Nod,Head Movement
748,2809.017,2811.48,2.463,TurnR,Head Movement
749,2811.48,2814.165,2.685,FaceForward,Head Movement
956,2811.684,2813.361,1.677,TalkU,AuralOral Communication
957,2813.361,2819.754,6.393,ListenL,AuralOral Communication
750,2814.165,2817.178,3.013,FaceForward,Head Movement
751,2817.178,2818.303,1.125,TurnL,Head Movement
752,2818.303,2819.612,1.309,TurnL,Head Movement
753,2819.612,2822.149,2.537,TurnR,Head Movement
958,2819.754,2833.734,13.98,ListenR,AuralOral Communication
754,2822.149,2824.527,2.378,Shake,Head Movement
755,2824.527,2829.786,5.259,TurnR,Head Movement
756,2829.786,2836.9880000000003,7.202,Nod,Head Movement
959,2833.734,2834.624,0.89,TalkU,AuralOral Communication
960,2834.6310000000003,2839.443,4.812,ListenR,AuralOral Communication
757,2836.9880000000003,2839.267,2.279,FaceForward,Head Movement
758,2839.267,2841.355,2.088,TurnL,Head Movement
961,2839.443,2841.75,2.307,ListenL,AuralOral Communication
759,2841.355,2842.752,1.397,TurnR,Head Movement
962,2841.75,2843.385,1.635,ListenR,AuralOral Communication
760,2842.7560000000003,2846.752,3.996,TurnR,Head Movement
963,2843.385,2844.458,1.073,TalkR,AuralOral Communication
964,2845.083,2846.7960000000003,1.713,ListenR,AuralOral Communication
761,2846.752,2850.7290000000003,3.977,Nod,Head Movement
965,2846.804,2847.568,0.764,TalkR,AuralOral Communication
966,2847.578,2851.033,3.455,ListenR,AuralOral Communication
762,2850.7290000000003,2858.784,8.055,TurnR,Head Movement
967,2851.033,2858.741,7.708,TalkR,AuralOral Communication
968,2858.741,2860.043,1.302,ListenR,AuralOral Communication
763,2858.784,2863.112,4.328,Nod,Head Movement
969,2860.043,2861.227,1.184,TalkR,AuralOral Communication
970,2861.227,2861.889,0.662,ListenL,AuralOral Communication
971,2861.892,2864.605,2.713,ListenR,AuralOral Communication
764,2863.112,2865.097,1.985,TurnR,Head Movement
972,2864.605,2870.178,5.573,TalkR,AuralOral Communication
765,2865.097,2868.664,3.567,FaceForward,Head Movement
766,2868.664,2871.23,2.566,TurnR,Head Movement
973,2870.178,2871.149,0.971,ListenR,AuralOral Communication
974,2871.168,2873.969,2.801,ListenL,AuralOral Communication
767,2871.26,2873.05,1.79,TurnL,Head Movement
768,2873.05,2879.757,6.707,TurnR,Head Movement
975,2873.9700000000003,2880.587,6.617,ListenR,AuralOral Communication
769,2879.757,2883.968,4.211,Nod,Head Movement
976,2880.587,2882.318,1.731,TalkU,AuralOral Communication
977,2882.318,2883.848,1.53,ListenR,AuralOral Communication
978,2883.848,2885.223,1.375,ListenL,AuralOral Communication
770,2883.968,2885.519,1.5510000000000002,Nod,Head Movement
979,2885.223,2893.37,8.147,ListenR,AuralOral Communication
771,2885.519,2886.289,0.77,TurnR,Head Movement
772,2886.289,2887.399,1.11,FaceDown,Head Movement
773,2887.399,2892.761,5.362,TurnR,Head Movement
774,2892.761,2895.2470000000003,2.486,Nod,Head Movement
980,2893.419,2894.443,1.024,TalkR,AuralOral Communication
981,2894.444,2895.359,0.915,ListenR,AuralOral Communication
775,2895.2470000000003,2900.375,5.128,FaceForward,Head Movement
982,2895.359,2927.09,31.731,TalkR,AuralOral Communication
776,2900.375,2902.561,2.186,FaceDown,Head Movement
777,2902.561,2905.754,3.193,TurnR,Head Movement
778,2905.754,2911.4970000000003,5.743,FaceDown,Head Movement
779,2911.4970000000003,2912.09,0.593,TurnR,Head Movement
780,2912.09,2926.223,14.133,FaceForward,Head Movement
781,2926.227,2927.355,1.128,FaceDown,Head Movement
983,2927.09,2928.306,1.216,ListenR,AuralOral Communication
782,2927.355,2928.001,0.646,TurnR,Head Movement
783,2928.001,2928.715,0.714,FaceDown,Head Movement
984,2928.306,2929.887,1.581,TalkR,AuralOral Communication
784,2928.715,2929.59,0.875,TurnR,Head Movement
998,2929.6040000000003,3001.976,72.372,N/A ,Others 
785,3001.976,3008.112,6.136,FaceForward,Head Movement
985,3001.981,3005.831,3.85,ListenU,AuralOral Communication
986,3005.831,3065.283,59.452,ListenV,AuralOral Communication
786,3008.112,3009.925,1.813,FaceDown,Head Movement
787,3009.925,3010.576,0.651,FaceForward,Head Movement
788,3010.576,3013.848,3.272,FaceDown,Head Movement
789,3013.873,3016.326,2.453,FaceForward,Head Movement
790,3016.326,3025.105,8.779,FaceDown,Head Movement
791,3025.105,3032.532,7.427,FaceForward,Head Movement
792,3032.532,3033.899,1.367,FaceDown,Head Movement
793,3033.899,3035.561,1.662,FaceForward,Head Movement
999,3034.794,3063.621,28.827,Note,Others
794,3035.561,3044.899,9.338,FaceDown,Head Movement
795,3045.083,3045.612,0.529,FaceForward,Head Movement
796,3045.761,3048.767,3.006,FaceDown,Head Movement
797,3048.792,3050.0460000000003,1.254,FaceForward,Head Movement
798,3050.0460000000003,3052.267,2.221,FaceDown ,Head Movement 
799,3052.267,3053.561,1.294,FaceForward,Head Movement
800,3053.561,3062.34,8.779,FaceDown,Head Movement
801,3062.34,3065.311,2.971,FaceForward,Head Movement
1116,3065.682,3117.245,51.563,ListenV,AuralOral Communication
1000,3065.685,3121.042,55.357,FaceForward,Head Movement
1117,3117.246,3120.152,2.906,ListenU,AuralOral Communication
1001,3121.054,3144.801,23.747,FaceDown,Head Movement
1159,3134.216,3138.331,4.115,Note,Others
1002,3144.801,3152.718,7.917,FaceForward,Head Movement
1118,3151.788,3155.468,3.68,TalkL,AuralOral Communication
1003,3152.718,3158.414,5.696,TurnL,Head Movement
1119,3155.468,3158.298,2.83,ListenL,AuralOral Communication
1120,3158.298,3160.5750000000003,2.277,TalkL,AuralOral Communication
1004,3158.414,3160.627,2.213,Nod,Head Movement
1121,3160.5750000000003,3162.743,2.168,ListenL,AuralOral Communication
1005,3160.627,3162.045,1.418,TurnL,Head Movement
1006,3162.082,3164.351,2.269,Nod,Head Movement
1122,3162.743,3164.132,1.389,TalkL,AuralOral Communication
1123,3164.132,3171.489,7.357,TalkU,AuralOral Communication
1007,3164.351,3166.253,1.902,TurnL,Head Movement
1008,3166.253,3168.7380000000003,2.485,FaceForward,Head Movement
1009,3168.7380000000003,3169.798,1.06,FaceDown,Head Movement
1010,3169.804,3178.494,8.69,TurnL,Head Movement
1124,3171.489,3172.1240000000003,0.635,ListenL,AuralOral Communication
1125,3172.1240000000003,3175.334,3.21,TalkL,AuralOral Communication
1126,3175.334,3178.714,3.38,ListenL,AuralOral Communication
1011,3178.494,3180.3,1.806,FaceForward,Head Movement
1127,3178.714,3204.868,26.154,TalkU,AuralOral Communication
1012,3180.3,3185.004,4.704,TurnL,Head Movement
1013,3185.004,3185.948,0.944,TurnR,Head Movement
1014,3185.959,3189.864,3.905,FaceForward,Head Movement
1015,3189.864,3193.034,3.17,TurnR,Head Movement
1016,3193.034,3201.342,8.308,FaceForward,Head Movement
1017,3201.342,3204.447,3.105,TurnR,Head Movement
1018,3204.447,3222.042,17.595,TurnL,Head Movement
1128,3204.868,3208.251,3.383,ListenL,AuralOral Communication
1129,3208.251,3211.895,3.644,TalkL,AuralOral Communication
1130,3214.725,3216.553,1.828,TalkL,AuralOral Communication
1131,3216.553,3222.391,5.838,TalkL,AuralOral Communication
1019,3222.042,3224.378,2.336,TurnR,Head Movement
1132,3222.391,3225.388,2.997,ListenR,AuralOral Communication
1020,3224.378,3225.896,1.518,FaceForward,Head Movement
1133,3225.388,3243.619,18.231,TalkR,AuralOral Communication
1021,3225.903,3226.5660000000003,0.663,FaceForward,Head Movement
1022,3226.5660000000003,3227.391,0.825,TurnR,Head Movement
1023,3227.396,3230.74,3.344,FaceDown,Head Movement
1024,3230.78,3231.954,1.174,TurnR,Head Movement
1025,3231.954,3235.821,3.867,FaceForward,Head Movement
1026,3235.821,3238.256,2.435,FaceDown,Head Movement
1027,3238.256,3238.591,0.335,TurnR,Head Movement
1028,3238.591,3239.234,0.643,FaceDown,Head Movement
1029,3239.234,3240.948,1.714,TurnR,Head Movement
1030,3240.959,3241.53,0.571,FaceDown,Head Movement
1031,3241.5370000000003,3243.365,1.828,TurnR,Head Movement
1032,3243.367,3257.804,14.437,TurnL,Head Movement
1134,3243.907,3248.929,5.022,TalkL,AuralOral Communication
1135,3252.13,3257.598,5.468,ListenL,AuralOral Communication
1136,3257.598,3259.186,1.588,TalkL,AuralOral Communication
1033,3257.804,3259.829,2.025,TurnL,Head Movement
1137,3259.186,3334.737,75.551,TalkU,AuralOral Communication
1034,3259.829,3266.139,6.31,FaceForward,Head Movement
1035,3266.139,3268.073,1.934,TurnL,Head Movement
1036,3268.073,3268.881,0.808,TurnR,Head Movement
1037,3268.881,3272.741,3.86,FaceForward,Head Movement
1038,3272.741,3274.4410000000003,1.7,TurnR,Head Movement
1039,3274.4410000000003,3277.9790000000003,3.5380000000000003,TurnL,Head Movement
1040,3277.987,3278.727,0.74,TurnR,Head Movement
1041,3278.727,3282.378,3.651,FaceForward,Head Movement
1042,3282.415,3283.79,1.375,TurnL,Head Movement
1043,3283.815,3291.544,7.729,FaceForward,Head Movement
1044,3291.544,3297.048,5.504,TurnL,Head Movement
1045,3297.048,3298.962,1.914,TurnR,Head Movement
1046,3298.962,3303.031,4.069,TurnL,Head Movement
1047,3303.031,3305.486,2.455,TurnR,Head Movement
1048,3305.486,3309.039,3.553,TurnL,Head Movement
1049,3309.039,3310.152,1.113,FaceForward,Head Movement
1050,3310.152,3311.203,1.051,TurnL,Head Movement
1051,3311.207,3311.857,0.65,TurnR,Head Movement
1052,3311.857,3318.067,6.21,FaceForward,Head Movement
1053,3318.078,3319.38,1.302,TurnR,Head Movement
1054,3319.38,3321.432,2.052,Shake,Head Movement
1055,3321.439,3327.663,6.224,TurnL,Head Movement
1056,3327.663,3331.668,4.005,TurnR,Head Movement
1057,3331.673,3335.042,3.369,Shake,Head Movement
1058,3335.048,3335.945,0.897,FaceForward,Head Movement
1138,3335.576,3337.712,2.136,TalkR,AuralOral Communication
1059,3335.947,3337.804,1.857,TurnR,Head Movement
1060,3337.804,3338.594,0.79,TalkL,Head Movement
1061,3338.594,3339.452,0.858,TurnR,Head Movement
1139,3338.727,3351.607,12.88,TalkU,AuralOral Communication
1062,3339.452,3340.176,0.724,FaceDown,Head Movement
1063,3340.176,3345.857,5.681,FaceForward,Head Movement
1064,3345.857,3349.397,3.54,TurnL,Head Movement
1065,3349.397,3351.887,2.49,TurnR,Head Movement
1140,3351.607,3353.263,1.656,TalkU,AuralOral Communication
1066,3351.89,3354.137,2.247,TurnL,Head Movement
1067,3354.145,3355.07,0.925,TurnR,Head Movement
1141,3354.4880000000003,3361.04,6.552,TalkU,AuralOral Communication
1068,3355.07,3356.318,1.248,FaceForward,Head Movement
1069,3356.318,3360.799,4.481,TurnR,Head Movement
1070,3360.799,3363.011,2.212,Nod,Head Movement
1071,3363.011,3365.081,2.07,TurnL,Head Movement
1142,3364.016,3367.704,3.688,ListenU,AuralOral Communication
1072,3365.081,3366.646,1.565,TurnL,Head Movement
1073,3366.646,3369.004,2.358,FaceForward,Head Movement
1143,3368.096,3381.768,13.672,TalkU,AuralOral Communication
1074,3369.004,3370.915,1.911,Shake,Head Movement
1075,3370.915,3371.452,0.537,TurnL,Head Movement
1076,3371.452,3374.319,2.867,FaceDown,Head Movement
1077,3374.324,3376.018,1.694,TurnL,Head Movement
1078,3376.018,3377.3720000000003,1.354,FaceDown,Head Movement
1079,3377.3720000000003,3378.081,0.709,TurnR,Head Movement
1080,3378.081,3380.572,2.491,FaceDown,Head Movement
1081,3380.582,3381.762,1.18,Nod,Head Movement
1082,3381.762,3384.087,2.325,TurnL,Head Movement
1144,3383.849,3384.744,0.895,TalkU,AuralOral Communication
1083,3384.094,3386.42,2.326,Shake,Head Movement
1084,3386.42,3388.07,1.65,FaceForward,Head Movement
1085,3388.07,3388.746,0.676,TurnL,Head Movement
1145,3388.594,3394.375,5.781,ListenL,AuralOral Communication
1086,3388.746,3394.364,5.618,TurnL,Head Movement
1087,3394.364,3401.743,7.379,FaceDown,Head Movement
1146,3394.85,3397.106,2.256,TalkU,AuralOral Communication
1147,3397.578,3431.332,33.754,TalkL,AuralOral Communication
1088,3401.743,3407.691,5.948,FaceForward,Head Movement
1089,3407.691,3408.646,0.955,FaceDown,Head Movement
1090,3408.646,3415.081,6.435,FaceForward,Head Movement
1091,3415.081,3416.389,1.308,Nod,Head Movement
1092,3416.389,3422.389,6.0,FaceForward,Head Movement
1093,3422.389,3423.178,0.789,Nod,Head Movement
1094,3423.178,3423.882,0.704,FaceForward,Head Movement
1095,3423.882,3441.278,17.396,TurnL,Head Movement
1148,3431.336,3443.271,11.935,ListenL,AuralOral Communication
1096,3441.28,3446.339,5.059,TurnL,Head Movement
1149,3443.271,3445.356,2.085,TalkL,AuralOral Communication
1150,3445.356,3446.626,1.27,ListenL,AuralOral Communication
1097,3446.339,3449.103,2.764,TurnL,Head Movement
1151,3446.626,3454.679,8.053,TalkU,AuralOral Communication
1098,3449.103,3449.8540000000003,0.751,TurnR,Head Movement
1099,3449.8540000000003,3451.018,1.164,TurnL,Head Movement
1100,3451.018,3453.425,2.407,FaceDown,Head Movement
1101,3453.425,3454.031,0.606,TurnL,Head Movement
1160,3454.031,3459.7380000000003,5.707,Phone,Others
1102,3454.031,3458.987,4.956,FaceDown,Head Movement
1152,3454.6800000000003,3469.673,14.993,TalkU,AuralOral Communication
1103,3458.99,3460.605,1.615,TurnL,Head Movement
1104,3460.605,3461.923,1.318,TurnR,Head Movement
1105,3461.923,3463.547,1.624,TurnL,Head Movement
1106,3463.5550000000003,3469.156,5.601,FaceForward,Head Movement
1107,3469.156,3471.02,1.864,TurnL,Head Movement
1153,3470.523,3471.071,0.548,TalkU,AuralOral Communication
1108,3471.022,3471.741,0.719,,Head Movement
1109,3471.741,3473.957,2.216,FaceDown,Head Movement
1154,3472.276,3473.145,0.869,ListenR,AuralOral Communication
1110,3473.957,3476.502,2.545,TurnL,Head Movement
1111,3476.502,3477.4,0.898,TurnR,Head Movement
1112,3477.41,3486.682,9.272,FaceDown,Head Movement
1155,3478.214,3481.902,3.688,ListenL,AuralOral Communication
1156,3481.902,3483.013,1.111,TalkU,AuralOral Communication
1157,3484.775,3486.294,1.519,TalkU,AuralOral Communication
1113,3486.682,3488.48,1.798,FaceForward,Head Movement
1158,3487.103,3488.342,1.239,ListenU,AuralOral Communication
1114,3488.48,3496.328,7.848,FaceDown,Head Movement
1115,3496.328,3502.732,6.404,FaceDown,Head Movement
1161,3503.125,3512.312,9.187,FaceDown,Head Movement
1220,3505.312,3510.766,5.454,Fidget,Others
1198,3506.853,3508.778,1.925,ListenU ,AuralOral Communication 
1199,3509.7180000000003,3510.754,1.036,ListenL,AuralOral Communication
1200,3510.754,3515.561,4.807,ListenU,AuralOral Communication
1221,3510.766,3512.233,1.467,Phone,Others
1162,3512.3140000000003,3516.509,4.195,TurnL,Head Movement
1201,3515.561,3517.284,1.723,ListenL,AuralOral Communication
1163,3516.509,3517.3610000000003,0.852,TurnR,Head Movement
1164,3517.379,3518.5440000000003,1.165,TurnL,Head Movement
1202,3517.654,3519.446,1.792,ListenU,AuralOral Communication
1165,3518.5440000000003,3520.8630000000003,2.319,FaceDown,Head Movement
1203,3519.446,3523.331,3.885,ListenU,AuralOral Communication
1166,3520.864,3521.404,0.54,FaceForward,Head Movement
1167,3521.404,3524.599,3.195,FaceDown,Head Movement
1204,3523.656,3525.024,1.368,ListenU,AuralOral Communication
1168,3524.599,3527.078,2.479,FaceForward,Head Movement
1205,3526.5170000000003,3528.933,2.416,TalkU,AuralOral Communication
1169,3527.078,3528.509,1.431,TurnL,Head Movement
1170,3528.509,3529.101,0.592,TurnR,Head Movement
1206,3528.933,3531.1620000000003,2.229,ListenU,AuralOral Communication
1171,3529.101,3531.1620000000003,2.061,FaceDown,Head Movement
1172,3531.1620000000003,3533.871,2.709,TurnR,Head Movement
1207,3531.1620000000003,3533.054,1.892,ListenR,AuralOral Communication
1208,3533.054,3539.019,5.965,TalkR,AuralOral Communication
1173,3533.871,3535.498,1.627,FaceForward,Head Movement
1174,3535.498,3537.565,2.067,TurnR,Head Movement
1175,3537.565,3539.3450000000003,1.78,Shake,Head Movement
1209,3539.019,3547.21,8.191,ListenR,AuralOral Communication
1176,3539.3450000000003,3541.639,2.294,TurnR,Head Movement
1177,3541.639,3543.531,1.892,Nod,Head Movement
1178,3543.531,3550.3630000000003,6.832,FaceForward,Head Movement
1210,3547.494,3552.1510000000003,4.657,TalkR,AuralOral Communication
1179,3550.3630000000003,3552.7200000000003,2.357,Shake,Head Movement
1180,3552.7200000000003,3555.069,2.349,TurnL,Head Movement
1211,3552.8140000000003,3557.507,4.693,ListenL,AuralOral Communication
1181,3555.069,3557.463,2.394,Nod,Head Movement
1182,3557.463,3562.482,5.019,TurnL,Head Movement
1212,3557.507,3560.877,3.37,TalkL,AuralOral Communication
1213,3560.877,3563.753,2.876,ListenL,AuralOral Communication
1183,3562.482,3564.23,1.748,Nod,Head Movement
1184,3564.23,3568.118,3.888,TurnL,Head Movement
1214,3564.293,3566.717,2.424,TalkL,AuralOral Communication
1185,3568.118,3572.241,4.123,FaceForward,Head Movement
1215,3568.152,3582.057,13.905,ListenR,AuralOral Communication
1186,3572.243,3574.686,2.443,Nod,Head Movement
1187,3574.686,3575.996,1.31,TurnR,Head Movement
1188,3575.996,3576.996,1.0,FaceForward,Head Movement
1189,3577.001,3577.833,0.832,TurnL,Head Movement
1190,3577.833,3582.389,4.556,TurnR,Head Movement
1191,3582.389,3583.822,1.433,FaceForward,Head Movement
1216,3583.222,3585.585,2.363,ListenU,AuralOral Communication
1192,3583.822,3585.0240000000003,1.202,FaceForward,Head Movement
1193,3585.0240000000003,3588.728,3.704,TurnL,Head Movement
1217,3585.99,3588.914,2.924,TalkU,AuralOral Communication
1194,3588.728,3590.8050000000003,2.077,FaceDown,Head Movement
1218,3588.914,3589.3610000000003,0.447,ListenR,AuralOral Communication
1195,3590.8050000000003,3597.935,7.13,TurnL,Head Movement
1219,3592.379,3602.953,10.574,ListenL,AuralOral Communication
1196,3597.945,3599.54,1.595,Nod,Head Movement
1197,3599.54,3602.761,3.221,TurnL,Head Movement
1222,3602.766,3681.158,78.392,N/A ,Others 
